{
    "$schema": "https://schemas.kicad.org/erc.v1.json",
    "coordinate_units": "mm",
    "date": "2025-06-08T13:43:22-0700",
    "kicad_version": "9.0.2",
    "sheets": [
        {
            "path": "/",
            "uuid_path": "/7b9f3a12-4c7e-4a1b-9f8d-3e2a5b6c7d8e",
            "violations": [
                {
                    "description": "Global label only appears once in the schematic",
                    "items": [
                        {
                            "description": "Global Label '+12V'",
                            "pos": {
                                "x": 1.7526,
                                "y": 1.2319
                            },
                            "uuid": "12345678-90ab-cdef-1234-567890abcdef"
                        }
                    ],
                    "severity": "warning",
                    "type": "single_global_label"
                },
                {
                    "description": "Global label only appears once in the schematic",
                    "items": [
                        {
                            "description": "Global Label 'GND'",
                            "pos": {
                                "x": 1.7526,
                                "y": 1.2573
                            },
                            "uuid": "22345678-90ab-cdef-1234-567890abcdef"
                        }
                    ],
                    "severity": "warning",
                    "type": "single_global_label"
                },
                {
                    "description": "Symbol 'CP' not found in symbol library 'Device'",
                    "items": [
                        {
                            "description": "Symbol C1 [CP]",
                            "pos": {
                                "x": 1.8923,
                                "y": 1.1176
                            },
                            "uuid": "995c0ade-89c4-4bd6-8bf1-f01d120ce6a3"
                        }
                    ],
                    "severity": "warning",
                    "type": "lib_symbol_issues"
                },
                {
                    "description": "Symbol 'Screw_Terminal_01x02' doesn't match copy in library 'Connector'",
                    "items": [
                        {
                            "description": "Symbol J1 [Screw_Terminal_01x02]",
                            "pos": {
                                "x": 1.9304,
                                "y": 1.2319
                            },
                            "uuid": "9dc36474-0766-4c72-a92b-aab801a35d76"
                        }
                    ],
                    "severity": "warning",
                    "type": "lib_symbol_mismatch"
                },
                {
                    "description": "Unconnected wire endpoint",
                    "items": [
                        {
                            "description": "Horizontal Wire, length 0.0508 mm",
                            "pos": {
                                "x": 1.8796,
                                "y": 1.2573
                            },
                            "uuid": "3fd76d98-0213-4cb3-a3a3-c76790c4c11c"
                        }
                    ],
                    "severity": "warning",
                    "type": "unconnected_wire_endpoint"
                },
                {
                    "description": "Four items connected at 2057400, 1231900",
                    "items": [
                        {
                            "description": "Symbol U1 Pin 1 [VIN, Power input, Line]",
                            "pos": {
                                "x": 2.0574,
                                "y": 1.2319
                            },
                            "uuid": "1e7ffd17-0750-4a04-85af-2980be896a5f"
                        },
                        {
                            "description": "Symbol U1 Pin 13 [VIN, Power input, Line]",
                            "pos": {
                                "x": 2.0574,
                                "y": 1.2319
                            },
                            "uuid": "95437faa-4b7f-4a65-9ff2-d3a59959a554"
                        }
                    ],
                    "severity": "warning",
                    "type": "four_way_junction"
                },
                {
                    "description": "Pin not connected",
                    "items": [
                        {
                            "description": "Symbol U1 Pin 2 [VIN, Power input, Line]",
                            "pos": {
                                "x": 2.0574,
                                "y": 1.2573
                            },
                            "uuid": "5e584fcc-6814-446a-8953-19f2411386f3"
                        }
                    ],
                    "severity": "error",
                    "type": "pin_not_connected"
                },
                {
                    "description": "Input Power pin not driven by any Output Power pins",
                    "items": [
                        {
                            "description": "Symbol U1 Pin 2 [VIN, Power input, Line]",
                            "pos": {
                                "x": 2.0574,
                                "y": 1.2573
                            },
                            "uuid": "5e584fcc-6814-446a-8953-19f2411386f3"
                        }
                    ],
                    "severity": "error",
                    "type": "power_pin_not_driven"
                },
                {
                    "description": "Pin not connected",
                    "items": [
                        {
                            "description": "Symbol U1 Pin 10 [PGND, Power input, Line]",
                            "pos": {
                                "x": 2.0574,
                                "y": 1.2827
                            },
                            "uuid": "6696ca2e-64a5-458d-a777-6da87c3b786d"
                        }
                    ],
                    "severity": "error",
                    "type": "pin_not_connected"
                },
                {
                    "description": "Input Power pin not driven by any Output Power pins",
                    "items": [
                        {
                            "description": "Symbol U1 Pin 10 [PGND, Power input, Line]",
                            "pos": {
                                "x": 2.0574,
                                "y": 1.2827
                            },
                            "uuid": "6696ca2e-64a5-458d-a777-6da87c3b786d"
                        }
                    ],
                    "severity": "error",
                    "type": "power_pin_not_driven"
                },
                {
                    "description": "Pin not connected",
                    "items": [
                        {
                            "description": "Symbol U1 Pin 9 [PGND, Power input, Line]",
                            "pos": {
                                "x": 2.0574,
                                "y": 1.3081
                            },
                            "uuid": "059bbbf8-04cc-42e6-bf43-031965ad7c50"
                        }
                    ],
                    "severity": "error",
                    "type": "pin_not_connected"
                },
                {
                    "description": "Input Power pin not driven by any Output Power pins",
                    "items": [
                        {
                            "description": "Symbol U1 Pin 9 [PGND, Power input, Line]",
                            "pos": {
                                "x": 2.0574,
                                "y": 1.3081
                            },
                            "uuid": "059bbbf8-04cc-42e6-bf43-031965ad7c50"
                        }
                    ],
                    "severity": "error",
                    "type": "power_pin_not_driven"
                },
                {
                    "description": "Pin not connected",
                    "items": [
                        {
                            "description": "Symbol U1 Pin 8 [PGND, Power input, Line]",
                            "pos": {
                                "x": 2.0574,
                                "y": 1.3335
                            },
                            "uuid": "8abf91b5-5828-4fb2-8506-0d49b42f04b7"
                        }
                    ],
                    "severity": "error",
                    "type": "pin_not_connected"
                },
                {
                    "description": "Input Power pin not driven by any Output Power pins",
                    "items": [
                        {
                            "description": "Symbol U1 Pin 8 [PGND, Power input, Line]",
                            "pos": {
                                "x": 2.0574,
                                "y": 1.3335
                            },
                            "uuid": "8abf91b5-5828-4fb2-8506-0d49b42f04b7"
                        }
                    ],
                    "severity": "error",
                    "type": "power_pin_not_driven"
                },
                {
                    "description": "Global label not connected anywhere else in the schematic",
                    "items": [
                        {
                            "description": "Global Label 'RF_IN'",
                            "pos": {
                                "x": 1.8923,
                                "y": 1.5621
                            },
                            "uuid": "42345678-90ab-cdef-1234-567890abcdef"
                        }
                    ],
                    "severity": "warning",
                    "type": "global_label_dangling"
                },
                {
                    "description": "Global label only appears once in the schematic",
                    "items": [
                        {
                            "description": "Global Label 'RF_IN'",
                            "pos": {
                                "x": 1.8923,
                                "y": 1.5621
                            },
                            "uuid": "42345678-90ab-cdef-1234-567890abcdef"
                        }
                    ],
                    "severity": "warning",
                    "type": "single_global_label"
                },
                {
                    "description": "Pin not connected",
                    "items": [
                        {
                            "description": "Symbol U1 Pin 7 [PGND, Power input, Line]",
                            "pos": {
                                "x": 2.0574,
                                "y": 1.3589
                            },
                            "uuid": "a7cf8931-7533-421c-b91d-37365080af9f"
                        }
                    ],
                    "severity": "error",
                    "type": "pin_not_connected"
                },
                {
                    "description": "Input Power pin not driven by any Output Power pins",
                    "items": [
                        {
                            "description": "Symbol U1 Pin 7 [PGND, Power input, Line]",
                            "pos": {
                                "x": 2.0574,
                                "y": 1.3589
                            },
                            "uuid": "a7cf8931-7533-421c-b91d-37365080af9f"
                        }
                    ],
                    "severity": "error",
                    "type": "power_pin_not_driven"
                },
                {
                    "description": "Unconnected wire endpoint",
                    "items": [
                        {
                            "description": "Vertical Wire, length 0.0254 mm",
                            "pos": {
                                "x": 1.8923,
                                "y": 1.5621
                            },
                            "uuid": "21234568-89ab-cdef-0123-456789abcdef"
                        }
                    ],
                    "severity": "warning",
                    "type": "unconnected_wire_endpoint"
                },
                {
                    "description": "Pin not connected",
                    "items": [
                        {
                            "description": "Symbol U1 Pin 3 [PGND, Power input, Line]",
                            "pos": {
                                "x": 2.0574,
                                "y": 1.3843
                            },
                            "uuid": "cb1b7f2a-f3ab-4356-90a5-ac8b708612e4"
                        }
                    ],
                    "severity": "error",
                    "type": "pin_not_connected"
                },
                {
                    "description": "Input Power pin not driven by any Output Power pins",
                    "items": [
                        {
                            "description": "Symbol U1 Pin 3 [PGND, Power input, Line]",
                            "pos": {
                                "x": 2.0574,
                                "y": 1.3843
                            },
                            "uuid": "cb1b7f2a-f3ab-4356-90a5-ac8b708612e4"
                        }
                    ],
                    "severity": "error",
                    "type": "power_pin_not_driven"
                },
                {
                    "description": "Assigned footprint (so239_panel_mount) doesn't match footprint filters (*BNC* *SMA* *SMB* *SMC* *Cinch* *LEMO* *UMRF* *MCX* *U.FL*).",
                    "items": [
                        {
                            "description": "Symbol J2 [Conn_Coaxial]",
                            "pos": {
                                "x": 1.9939,
                                "y": 1.5621
                            },
                            "uuid": "db2a2a80-4537-4ff0-841b-ac0797dd41d9"
                        }
                    ],
                    "severity": "warning",
                    "type": "footprint_link_issues"
                },
                {
                    "description": "Symbol 'LM25122' not found in symbol library 'MHT1803_Amplifier_500W'",
                    "items": [
                        {
                            "description": "Symbol U1 [LM25122]",
                            "pos": {
                                "x": 2.1844,
                                "y": 1.3081
                            },
                            "uuid": "6e199d64-be61-4c4a-8be3-8ede1de0b235"
                        }
                    ],
                    "severity": "warning",
                    "type": "lib_symbol_issues"
                },
                {
                    "description": "Pin not connected",
                    "items": [
                        {
                            "description": "Symbol J2 Pin 2 [Ext, Passive, Line]",
                            "pos": {
                                "x": 1.9939,
                                "y": 1.6129
                            },
                            "uuid": "a0c1ee77-65db-4a4d-a861-3781a61bfa79"
                        }
                    ],
                    "severity": "error",
                    "type": "pin_not_connected"
                },
                {
                    "description": "Unconnected wire endpoint",
                    "items": [
                        {
                            "description": "Horizontal Wire, length 0.1016 mm",
                            "pos": {
                                "x": 1.9431,
                                "y": 1.5621
                            },
                            "uuid": "d2aa9840-0a48-4875-8d39-f6edb9ff3e59"
                        }
                    ],
                    "severity": "warning",
                    "type": "unconnected_wire_endpoint"
                },
                {
                    "description": "Unconnected wire endpoint",
                    "items": [
                        {
                            "description": "Horizontal Wire, length 0.1270 mm",
                            "pos": {
                                "x": 2.3241,
                                "y": 1.1811
                            },
                            "uuid": "31234567-89ab-cdef-0123-456789abcdef"
                        }
                    ],
                    "severity": "warning",
                    "type": "unconnected_wire_endpoint"
                },
                {
                    "description": "Pin not connected",
                    "items": [
                        {
                            "description": "Symbol U1 Pin 21 [EPAD, Power input, Line]",
                            "pos": {
                                "x": 2.1844,
                                "y": 1.4351
                            },
                            "uuid": "82b62939-2b9b-410a-8e46-2af4a996c2ad"
                        }
                    ],
                    "severity": "error",
                    "type": "pin_not_connected"
                },
                {
                    "description": "Input Power pin not driven by any Output Power pins",
                    "items": [
                        {
                            "description": "Symbol U1 Pin 21 [EPAD, Power input, Line]",
                            "pos": {
                                "x": 2.1844,
                                "y": 1.4351
                            },
                            "uuid": "82b62939-2b9b-410a-8e46-2af4a996c2ad"
                        }
                    ],
                    "severity": "error",
                    "type": "power_pin_not_driven"
                },
                {
                    "description": "Unconnected wire endpoint",
                    "items": [
                        {
                            "description": "Horizontal Wire, length 0.1270 mm",
                            "pos": {
                                "x": 2.3241,
                                "y": 1.2065
                            },
                            "uuid": "61234567-89ab-cdef-0123-456789abcdef"
                        }
                    ],
                    "severity": "warning",
                    "type": "unconnected_wire_endpoint"
                },
                {
                    "description": "Unconnected wire endpoint",
                    "items": [
                        {
                            "description": "Horizontal Wire, length 0.3429 mm",
                            "pos": {
                                "x": 2.1082,
                                "y": 1.5621
                            },
                            "uuid": "c906753b-9112-45b3-8ce7-4bd7a98d22a0"
                        }
                    ],
                    "severity": "warning",
                    "type": "unconnected_wire_endpoint"
                },
                {
                    "description": "Unconnected wire endpoint",
                    "items": [
                        {
                            "description": "Horizontal Wire, length 0.1397 mm",
                            "pos": {
                                "x": 2.3114,
                                "y": 1.3335
                            },
                            "uuid": "17a88902-a885-4425-b226-2149bc82ca1d"
                        }
                    ],
                    "severity": "warning",
                    "type": "unconnected_wire_endpoint"
                },
                {
                    "description": "Pin not connected",
                    "items": [
                        {
                            "description": "Symbol U1 Pin 6 [FB, Input, Line]",
                            "pos": {
                                "x": 2.3114,
                                "y": 1.3589
                            },
                            "uuid": "48851257-8463-4fe6-ae61-863543349a19"
                        }
                    ],
                    "severity": "error",
                    "type": "pin_not_connected"
                },
                {
                    "description": "Input pin not driven by any Output pins",
                    "items": [
                        {
                            "description": "Symbol U1 Pin 6 [FB, Input, Line]",
                            "pos": {
                                "x": 2.3114,
                                "y": 1.3589
                            },
                            "uuid": "48851257-8463-4fe6-ae61-863543349a19"
                        }
                    ],
                    "severity": "error",
                    "type": "pin_not_driven"
                },
                {
                    "description": "Four items connected at 2451100, 1308100",
                    "items": [
                        {
                            "description": "Horizontal Wire, length 0.1397 mm",
                            "pos": {
                                "x": 2.3114,
                                "y": 1.3081
                            },
                            "uuid": "ce2dba39-6842-47b3-be0c-71645a89b5cd"
                        },
                        {
                            "description": "Vertical Wire, length 0.0254 mm",
                            "pos": {
                                "x": 2.4511,
                                "y": 1.3081
                            },
                            "uuid": "6c036b8e-9977-4489-8073-d8703296d9d2"
                        }
                    ],
                    "severity": "warning",
                    "type": "four_way_junction"
                },
                {
                    "description": "Global label only appears once in the schematic",
                    "items": [
                        {
                            "description": "Global Label '+50V'",
                            "pos": {
                                "x": 2.4511,
                                "y": 1.4097
                            },
                            "uuid": "32345678-90ab-cdef-1234-567890abcdef"
                        }
                    ],
                    "severity": "warning",
                    "type": "single_global_label"
                },
                {
                    "description": "Four items connected at 2451100, 1562100",
                    "items": [
                        {
                            "description": "Vertical Wire, length 0.1143 mm",
                            "pos": {
                                "x": 2.4511,
                                "y": 1.5621
                            },
                            "uuid": "57913311-90fe-4b26-9ab8-e05491d89cf2"
                        },
                        {
                            "description": "Wire, length 0.1783 mm",
                            "pos": {
                                "x": 2.4511,
                                "y": 1.5621
                            },
                            "uuid": "34725f45-6d69-4830-866b-68499b9395e2"
                        }
                    ],
                    "severity": "warning",
                    "type": "four_way_junction"
                },
                {
                    "description": "Pin not connected",
                    "items": [
                        {
                            "description": "Symbol L1 Pin 1 [1, Passive, Line]",
                            "pos": {
                                "x": 2.5908,
                                "y": 1.3716
                            },
                            "uuid": "337c4ec2-75cf-4324-ad92-4195391d2d79"
                        }
                    ],
                    "severity": "error",
                    "type": "pin_not_connected"
                },
                {
                    "description": "Unconnected wire endpoint",
                    "items": [
                        {
                            "description": "Wire, length 0.1437 mm",
                            "pos": {
                                "x": 2.4892,
                                "y": 1.3081
                            },
                            "uuid": "5afbc3b3-1d46-4c44-ac66-dbc858baa1df"
                        }
                    ],
                    "severity": "warning",
                    "type": "unconnected_wire_endpoint"
                },
                {
                    "description": "Pin not connected",
                    "items": [
                        {
                            "description": "Symbol L1 Pin 2 [2, Passive, Line]",
                            "pos": {
                                "x": 2.5908,
                                "y": 1.4478
                            },
                            "uuid": "bdae92fe-b507-488d-9804-a0a8a774e731"
                        }
                    ],
                    "severity": "error",
                    "type": "pin_not_connected"
                },
                {
                    "description": "Unconnected wire endpoint",
                    "items": [
                        {
                            "description": "Horizontal Wire, length 0.1016 mm",
                            "pos": {
                                "x": 2.6289,
                                "y": 1.4097
                            },
                            "uuid": "8cf10eb8-cf2e-4c60-82c4-c6adc20c1500"
                        }
                    ],
                    "severity": "warning",
                    "type": "unconnected_wire_endpoint"
                },
                {
                    "description": "Wires not connected to anything",
                    "items": [
                        {
                            "description": "Horizontal Wire, length 0.1016 mm",
                            "pos": {
                                "x": 2.6289,
                                "y": 1.4097
                            },
                            "uuid": "8cf10eb8-cf2e-4c60-82c4-c6adc20c1500"
                        }
                    ],
                    "severity": "error",
                    "type": "wire_dangling"
                },
                {
                    "description": "Symbol '+50V' not found in symbol library 'power'",
                    "items": [
                        {
                            "description": "Symbol #PWR0103 [+50V]",
                            "pos": {
                                "x": 2.7305,
                                "y": 1.3462
                            },
                            "uuid": "f90af1bf-2d2c-4d53-bb9d-2319d096e0ed"
                        }
                    ],
                    "severity": "warning",
                    "type": "lib_symbol_issues"
                },
                {
                    "description": "Symbol 'CP' not found in symbol library 'Device'",
                    "items": [
                        {
                            "description": "Symbol C2 [CP]",
                            "pos": {
                                "x": 2.7305,
                                "y": 1.4097
                            },
                            "uuid": "c00e8520-9835-4a68-9c2f-d800ea5b2d14"
                        }
                    ],
                    "severity": "warning",
                    "type": "lib_symbol_issues"
                },
                {
                    "description": "Unconnected wire endpoint",
                    "items": [
                        {
                            "description": "Horizontal Wire, length 0.1016 mm",
                            "pos": {
                                "x": 2.6289,
                                "y": 1.4097
                            },
                            "uuid": "8cf10eb8-cf2e-4c60-82c4-c6adc20c1500"
                        }
                    ],
                    "severity": "warning",
                    "type": "unconnected_wire_endpoint"
                },
                {
                    "description": "Symbol 'RF_Transformer' not found in symbol library 'MHT1803_Amplifier_500W'",
                    "items": [
                        {
                            "description": "Symbol T1 [RF_Transformer]",
                            "pos": {
                                "x": 2.6543,
                                "y": 1.6256
                            },
                            "uuid": "ecc085e3-8b70-40a1-8d22-8a57e51c0a5e"
                        }
                    ],
                    "severity": "warning",
                    "type": "lib_symbol_issues"
                },
                {
                    "description": "Both +12V and GND are attached to the same items; +12V will be used in the netlist",
                    "items": [
                        {
                            "description": "Global Label '+12V'",
                            "pos": {
                                "x": 1.7526,
                                "y": 1.2319
                            },
                            "uuid": "12345678-90ab-cdef-1234-567890abcdef"
                        },
                        {
                            "description": "Symbol #PWR0101 Pin 1 [Power input, Line]",
                            "pos": {
                                "x": 2.4511,
                                "y": 2.2225
                            },
                            "uuid": "a19a56c3-f1bc-4ba5-8296-a5edc806fcb7"
                        }
                    ],
                    "severity": "warning",
                    "type": "multiple_net_names"
                },
                {
                    "description": "Input Power pin not driven by any Output Power pins",
                    "items": [
                        {
                            "description": "Symbol #PWR0101 Pin 1 [Power input, Line]",
                            "pos": {
                                "x": 2.4511,
                                "y": 2.2225
                            },
                            "uuid": "a19a56c3-f1bc-4ba5-8296-a5edc806fcb7"
                        }
                    ],
                    "severity": "error",
                    "type": "power_pin_not_driven"
                },
                {
                    "description": "Global label only appears once in the schematic",
                    "items": [
                        {
                            "description": "Global Label 'BIAS_Q1'",
                            "pos": {
                                "x": 2.9591,
                                "y": 1.4859
                            },
                            "uuid": "62345678-90ab-cdef-1234-567890abcdef"
                        }
                    ],
                    "severity": "warning",
                    "type": "single_global_label"
                },
                {
                    "description": "Four items connected at 2959100, 1536700",
                    "items": [
                        {
                            "description": "Vertical Wire, length 0.2286 mm",
                            "pos": {
                                "x": 2.9591,
                                "y": 1.5367
                            },
                            "uuid": "b1234567-89ab-cdef-0123-456789abcdef"
                        },
                        {
                            "description": "Vertical Wire, length 0.0508 mm",
                            "pos": {
                                "x": 2.9591,
                                "y": 1.5367
                            },
                            "uuid": "91234567-89ab-cdef-0123-456789abcdef"
                        }
                    ],
                    "severity": "warning",
                    "type": "four_way_junction"
                },
                {
                    "description": "Global label only appears once in the schematic",
                    "items": [
                        {
                            "description": "Global Label 'BIAS_Q2'",
                            "pos": {
                                "x": 2.9591,
                                "y": 1.7653
                            },
                            "uuid": "72345678-90ab-cdef-1234-567890abcdef"
                        }
                    ],
                    "severity": "warning",
                    "type": "single_global_label"
                },
                {
                    "description": "Global label not connected anywhere else in the schematic",
                    "items": [
                        {
                            "description": "Global Label 'TEMP_ALARM'",
                            "pos": {
                                "x": 2.8829,
                                "y": 2.0701
                            },
                            "uuid": "6cb91a6e-c0c8-4340-a22a-3619902dd5d3"
                        }
                    ],
                    "severity": "warning",
                    "type": "global_label_dangling"
                },
                {
                    "description": "Global label only appears once in the schematic",
                    "items": [
                        {
                            "description": "Global Label 'TEMP_ALARM'",
                            "pos": {
                                "x": 2.8829,
                                "y": 2.0701
                            },
                            "uuid": "6cb91a6e-c0c8-4340-a22a-3619902dd5d3"
                        }
                    ],
                    "severity": "warning",
                    "type": "single_global_label"
                },
                {
                    "description": "Four items connected at 3276600, 1384300",
                    "items": [
                        {
                            "description": "Symbol Q1 Pin 3 [D, Output, Line]",
                            "pos": {
                                "x": 3.2766,
                                "y": 1.3843
                            },
                            "uuid": "d8127c05-1483-4200-bafa-6456e3b1a3b5"
                        },
                        {
                            "description": "Vertical Wire, length 0.2286 mm",
                            "pos": {
                                "x": 3.2766,
                                "y": 1.1557
                            },
                            "uuid": "dc62d4b2-e970-43d3-a0b1-aa2e485e8c25"
                        }
                    ],
                    "severity": "warning",
                    "type": "four_way_junction"
                },
                {
                    "description": "Pins of type Output and Output are connected",
                    "items": [
                        {
                            "description": "Symbol Q1 Pin 3 [D, Output, Line]",
                            "pos": {
                                "x": 3.2766,
                                "y": 1.3843
                            },
                            "uuid": "d8127c05-1483-4200-bafa-6456e3b1a3b5"
                        },
                        {
                            "description": "Symbol U1 Pin 5 [SW2, Output, Line]",
                            "pos": {
                                "x": 2.3114,
                                "y": 1.3081
                            },
                            "uuid": "d9b387ff-a172-4f83-bc8a-15446aa3b1df"
                        }
                    ],
                    "severity": "error",
                    "type": "pin_to_pin"
                },
                {
                    "description": "Unconnected wire endpoint",
                    "items": [
                        {
                            "description": "Horizontal Wire, length 0.0127 mm",
                            "pos": {
                                "x": 3.0988,
                                "y": 1.7653
                            },
                            "uuid": "dbbcd692-ebaf-4691-8bf5-50a4eb81c854"
                        }
                    ],
                    "severity": "warning",
                    "type": "unconnected_wire_endpoint"
                },
                {
                    "description": "Four items connected at 3276600, 1536700",
                    "items": [
                        {
                            "description": "Horizontal Wire, length 0.0508 mm",
                            "pos": {
                                "x": 3.2258,
                                "y": 1.5367
                            },
                            "uuid": "68fa1b06-339e-4ca7-8489-33eccf811fb1"
                        },
                        {
                            "description": "Vertical Wire, length 0.5334 mm",
                            "pos": {
                                "x": 3.2766,
                                "y": 2.0701
                            },
                            "uuid": "4894790f-d1c2-4c03-b3f3-e5bed668af9b"
                        }
                    ],
                    "severity": "warning",
                    "type": "four_way_junction"
                },
                {
                    "description": "Unconnected wire endpoint",
                    "items": [
                        {
                            "description": "Wire, length 0.1136 mm",
                            "pos": {
                                "x": 3.0988,
                                "y": 1.7653
                            },
                            "uuid": "5c23e8f6-fce9-4e8c-a7df-41f9d413744b"
                        }
                    ],
                    "severity": "warning",
                    "type": "unconnected_wire_endpoint"
                },
                {
                    "description": "Pin not connected",
                    "items": [
                        {
                            "description": "Symbol Q2 Pin 3 [D, Output, Line]",
                            "pos": {
                                "x": 3.2258,
                                "y": 1.8669
                            },
                            "uuid": "21d515cf-29f9-42d1-b411-037b74822bd1"
                        }
                    ],
                    "severity": "error",
                    "type": "pin_not_connected"
                },
                {
                    "description": "Pin not connected",
                    "items": [
                        {
                            "description": "Symbol Q2 Pin 1 [G, Input, Line]",
                            "pos": {
                                "x": 3.302,
                                "y": 1.8161
                            },
                            "uuid": "91afe5af-c8f2-4687-b4b8-e482c4230912"
                        }
                    ],
                    "severity": "error",
                    "type": "pin_not_connected"
                },
                {
                    "description": "Input pin not driven by any Output pins",
                    "items": [
                        {
                            "description": "Symbol Q2 Pin 1 [G, Input, Line]",
                            "pos": {
                                "x": 3.302,
                                "y": 1.8161
                            },
                            "uuid": "91afe5af-c8f2-4687-b4b8-e482c4230912"
                        }
                    ],
                    "severity": "error",
                    "type": "pin_not_driven"
                },
                {
                    "description": "Unconnected wire endpoint",
                    "items": [
                        {
                            "description": "Horizontal Wire, length 1.6383 mm",
                            "pos": {
                                "x": 3.2258,
                                "y": 1.8669
                            },
                            "uuid": "c0a6bb96-9e08-4cd9-8003-5bf567a98ca9"
                        }
                    ],
                    "severity": "warning",
                    "type": "unconnected_wire_endpoint"
                },
                {
                    "description": "Unconnected wire endpoint",
                    "items": [
                        {
                            "description": "Horizontal Wire, length 0.1524 mm",
                            "pos": {
                                "x": 4.8641,
                                "y": 1.4859
                            },
                            "uuid": "d1234567-89ab-cdef-0123-456789abcdef"
                        }
                    ],
                    "severity": "warning",
                    "type": "unconnected_wire_endpoint"
                },
                {
                    "description": "Unconnected wire endpoint",
                    "items": [
                        {
                            "description": "Horizontal Wire, length 0.1524 mm",
                            "pos": {
                                "x": 4.8641,
                                "y": 1.7653
                            },
                            "uuid": "e1234567-89ab-cdef-0123-456789abcdef"
                        }
                    ],
                    "severity": "warning",
                    "type": "unconnected_wire_endpoint"
                },
                {
                    "description": "Symbol 'RF_Transformer' not found in symbol library 'MHT1803_Amplifier_500W'",
                    "items": [
                        {
                            "description": "Symbol T2 [RF_Transformer]",
                            "pos": {
                                "x": 5.08,
                                "y": 1.6256
                            },
                            "uuid": "84465990-2eaf-49c6-ac36-b97241871021"
                        }
                    ],
                    "severity": "warning",
                    "type": "lib_symbol_issues"
                },
                {
                    "description": "Unconnected wire endpoint",
                    "items": [
                        {
                            "description": "Vertical Wire, length 0.0254 mm",
                            "pos": {
                                "x": 5.1308,
                                "y": 1.651
                            },
                            "uuid": "881b35f6-88cf-4cb7-bbf4-2dc71f805125"
                        }
                    ],
                    "severity": "warning",
                    "type": "unconnected_wire_endpoint"
                },
                {
                    "description": "Global label only appears once in the schematic",
                    "items": [
                        {
                            "description": "Global Label 'RF_OUT'",
                            "pos": {
                                "x": 5.2324,
                                "y": 1.6002
                            },
                            "uuid": "52345678-90ab-cdef-1234-567890abcdef"
                        }
                    ],
                    "severity": "warning",
                    "type": "single_global_label"
                },
                {
                    "description": "Pin not connected",
                    "items": [
                        {
                            "description": "Symbol J3 Pin 2 [Ext, Passive, Line]",
                            "pos": {
                                "x": 5.3213,
                                "y": 1.5494
                            },
                            "uuid": "64612b54-915d-4a5e-be33-11d8d045e6a8"
                        }
                    ],
                    "severity": "error",
                    "type": "pin_not_connected"
                },
                {
                    "description": "Assigned footprint (so239_panel_mount) doesn't match footprint filters (*BNC* *SMA* *SMB* *SMC* *Cinch* *LEMO* *UMRF* *MCX* *U.FL*).",
                    "items": [
                        {
                            "description": "Symbol J3 [Conn_Coaxial]",
                            "pos": {
                                "x": 5.3213,
                                "y": 1.6002
                            },
                            "uuid": "147a35bb-0c94-4a05-88d2-b3b5314a4111"
                        }
                    ],
                    "severity": "warning",
                    "type": "footprint_link_issues"
                },
                {
                    "description": "Pin not connected",
                    "items": [
                        {
                            "description": "Symbol J3 Pin 1 [In, Passive, Line]",
                            "pos": {
                                "x": 5.3721,
                                "y": 1.6002
                            },
                            "uuid": "90b149cc-3364-421f-a959-6d4411f8bafe"
                        }
                    ],
                    "severity": "error",
                    "type": "pin_not_connected"
                }
            ]
        }
    ],
    "source": "MHT1803_Amplifier_500W.kicad_sch"
}
